{"cameraMode":{"drawMode":0,"name":"Shaded","section":"Shading Mode"},"sceneLighting":true,"audioPlay":false,"sceneViewState":{"showFog":true,"showMaterialUpdate":false,"showSkybox":true,"showFlares":true,"showImageEffects":true,"showParticleSystems":true},"in2DMode":false,"pivot":{"x":17.572566986083986,"y":5.128812789916992,"z":17.1431941986084},"rotation":{"x":-0.5477562546730042,"y":-0.3980846703052521,"z":0.33162373304367068,"w":-0.6570881009101868},"size":8.645036697387696,"orthographic":false}