{"cameraMode":{"drawMode":0,"name":"Shaded","section":"Shading Mode"},"sceneLighting":false,"audioPlay":false,"sceneViewState":{"showFog":true,"showMaterialUpdate":false,"showSkybox":false,"showFlares":true,"showImageEffects":true,"showParticleSystems":true},"in2DMode":false,"pivot":{"x":1.9022260904312134,"y":7.687312126159668,"z":-9.780012130737305},"rotation":{"x":0.02971118688583374,"y":0.8785621523857117,"z":0.055156927555799487,"w":-0.47357645630836489},"size":0.8660253882408142,"orthographic":false}