{"cameraMode":{"drawMode":0,"name":"Shaded","section":"Shading Mode"},"sceneLighting":true,"audioPlay":false,"sceneViewState":{"showFog":true,"showMaterialUpdate":false,"showSkybox":true,"showFlares":true,"showImageEffects":true,"showParticleSystems":true},"in2DMode":false,"pivot":{"x":6.7165703773498539,"y":53.827430725097659,"z":-31.55202293395996},"rotation":{"x":-0.43794292211532595,"y":0.009972499683499337,"z":-0.004884180147200823,"w":-0.8989919424057007},"size":1.1660254001617432,"orthographic":false}