{"cameraMode":{"drawMode":0,"name":"Shaded","section":"Shading Mode"},"sceneLighting":true,"audioPlay":false,"sceneViewState":{"showFog":true,"showMaterialUpdate":false,"showSkybox":true,"showFlares":true,"showImageEffects":true,"showParticleSystems":true},"in2DMode":false,"pivot":{"x":176.11679077148438,"y":54.345252990722659,"z":193.1291046142578},"rotation":{"x":-0.09463533759117127,"y":0.9044815897941589,"z":-0.3146876096725464,"w":-0.2720783054828644},"size":1.1660254001617432,"orthographic":false}