{"cameraMode":{"drawMode":0,"name":"Shaded","section":"Shading Mode"},"sceneLighting":false,"audioPlay":false,"sceneViewState":{"showFog":true,"showMaterialUpdate":false,"showSkybox":false,"showFlares":true,"showImageEffects":true,"showParticleSystems":true},"in2DMode":false,"pivot":{"x":-27.719999313354493,"y":1.0625025033950806,"z":-30.549999237060548},"rotation":{"x":0.38817086815834048,"y":0.5930957198143005,"z":-0.39313384890556338,"w":0.5857239961624146},"size":0.9540219306945801,"orthographic":false}