{"cameraMode":{"drawMode":0,"name":"Shaded","section":"Shading Mode"},"sceneLighting":true,"audioPlay":false,"sceneViewState":{"showFog":true,"showMaterialUpdate":false,"showSkybox":true,"showFlares":true,"showImageEffects":true,"showParticleSystems":true},"in2DMode":false,"pivot":{"x":0.7260382175445557,"y":7.289990425109863,"z":-10.672815322875977},"rotation":{"x":-0.3564050793647766,"y":-0.04257535934448242,"z":0.016255879774689676,"w":-0.9332315325737},"size":1.1835581064224244,"orthographic":false}