{"cameraMode":{"drawMode":0,"name":"Shaded","section":"Shading Mode"},"sceneLighting":false,"audioPlay":false,"sceneViewState":{"showFog":true,"showMaterialUpdate":false,"showSkybox":false,"showFlares":true,"showImageEffects":true,"showParticleSystems":true},"in2DMode":false,"pivot":{"x":-1.1908206939697266,"y":7.816029071807861,"z":-13.64240837097168},"rotation":{"x":0.03997153416275978,"y":0.10115809738636017,"z":0.004083520732820034,"w":-0.9940944910049439},"size":0.8660253882408142,"orthographic":false}