{"cameraMode":{"drawMode":0,"name":"Shaded","section":"Shading Mode"},"sceneLighting":true,"audioPlay":false,"sceneViewState":{"showFog":true,"showMaterialUpdate":false,"showSkybox":true,"showFlares":true,"showImageEffects":true,"showParticleSystems":true},"in2DMode":false,"pivot":{"x":-0.5566816926002502,"y":-3.6669352054595949,"z":31.036806106567384},"rotation":{"x":-0.22257046401500703,"y":-0.7661518454551697,"z":0.49473440647125246,"w":-0.34495189785957339},"size":9.84544563293457,"orthographic":false}