{"cameraMode":{"drawMode":0,"name":"Shaded","section":"Shading Mode"},"sceneLighting":false,"audioPlay":false,"sceneViewState":{"showFog":true,"showMaterialUpdate":false,"showSkybox":false,"showFlares":true,"showImageEffects":true,"showParticleSystems":true},"in2DMode":false,"pivot":{"x":0.20115330815315247,"y":7.612774848937988,"z":-10.656661033630371},"rotation":{"x":0.003137479769065976,"y":-0.9946148991584778,"z":0.099101722240448,"w":0.031317468732595447},"size":0.8660253882408142,"orthographic":false}