{"cameraMode":{"drawMode":0,"name":"Shaded","section":"Shading Mode"},"sceneLighting":false,"audioPlay":false,"sceneViewState":{"showFog":true,"showMaterialUpdate":false,"showSkybox":false,"showFlares":true,"showImageEffects":true,"showParticleSystems":true},"in2DMode":false,"pivot":{"x":-10.18403434753418,"y":-29.80929946899414,"z":-32.676841735839847},"rotation":{"x":0.09686151891946793,"y":0.9027673006057739,"z":-0.31104204058647158,"w":0.2810376286506653},"size":36.25689697265625,"orthographic":false}