{"cameraMode":{"drawMode":0,"name":"Shaded","section":"Shading Mode"},"sceneLighting":false,"audioPlay":false,"sceneViewState":{"showFog":true,"showMaterialUpdate":false,"showSkybox":false,"showFlares":true,"showImageEffects":true,"showParticleSystems":true},"in2DMode":false,"pivot":{"x":0.6124985814094544,"y":1.3409966230392457,"z":0.25197961926460268},"rotation":{"x":0.11240578442811966,"y":-0.6658978462219238,"z":-0.10246993601322174,"w":-0.7304214239120483},"size":1.0828218460083008,"orthographic":false}