{"cameraMode":{"drawMode":0,"name":"Shaded","section":"Shading Mode"},"sceneLighting":true,"audioPlay":false,"sceneViewState":{"showFog":true,"showMaterialUpdate":false,"showSkybox":true,"showFlares":true,"showImageEffects":true,"showParticleSystems":true},"in2DMode":false,"pivot":{"x":-35.942649841308597,"y":36.2049560546875,"z":-13.360122680664063},"rotation":{"x":0.3049328923225403,"y":0.2881123423576355,"z":-0.09733711928129196,"w":0.9025574326515198},"size":0.8660253882408142,"orthographic":false}