{"cameraMode":{"drawMode":0,"name":"Shaded","section":"Shading Mode"},"sceneLighting":false,"audioPlay":false,"sceneViewState":{"showFog":true,"showMaterialUpdate":false,"showSkybox":false,"showFlares":true,"showImageEffects":true,"showParticleSystems":true},"in2DMode":false,"pivot":{"x":28.171573638916017,"y":-31.608158111572267,"z":-24.91407585144043},"rotation":{"x":-0.09890874475240708,"y":-0.90073162317276,"z":0.2848729193210602,"w":-0.31276437640190127},"size":36.40741729736328,"orthographic":false}