{"cameraMode":{"drawMode":0,"name":"Shaded","section":"Shading Mode"},"sceneLighting":false,"audioPlay":false,"sceneViewState":{"showFog":true,"showMaterialUpdate":false,"showSkybox":false,"showFlares":true,"showImageEffects":true,"showParticleSystems":true},"in2DMode":false,"pivot":{"x":1.3504762649536133,"y":1.2035773992538453,"z":42.4607048034668},"rotation":{"x":-0.07394763082265854,"y":0.922420859336853,"z":-0.2216285914182663,"w":-0.30760276317596438},"size":0.9540219306945801,"orthographic":false}