{"cameraMode":{"drawMode":0,"name":"Shaded","section":"Shading Mode"},"sceneLighting":true,"audioPlay":false,"sceneViewState":{"showFog":true,"showMaterialUpdate":false,"showSkybox":true,"showFlares":true,"showImageEffects":true,"showParticleSystems":true},"in2DMode":false,"pivot":{"x":5.339442253112793,"y":3.6112215518951418,"z":6.536205768585205},"rotation":{"x":-0.043312638998031619,"y":-0.9394825100898743,"z":0.3142733573913574,"w":-0.12960036098957063},"size":8.72024154663086,"orthographic":false}